Precio,Descripcion,Año,Km
2300000,VOYAGE CONFORT 16 / 2013 / 135MIL,2013,135000
5250000,VW GOLF 14 TSI TURBO CONFORTLINE MANUAL 2016 FULL,2016,69000
2800000,GOL TREND 16 PACK 1 5PTAS / 2016 / 75MIL ,2016,75000
53300,CRV LX 2WD AT ÚNICA MANO / 2021 / 13MIL ,2021,13000
1880000,VOYAGE CONFORTLINE 16 C/GNC / 2009 / 160MIL ,2009,160000
4100000,SENTRA ADVANCE 20 / 2018 / 101MIL ,2018,101000
4800000,TRACKER LTZ AT 4X4 GNC L/N / 2017 / 70MIL ,2017,70000
1550000,Vendo Volkswagen Gol Trend 16 Pack I,2011,139000
3150000,FOCUS S 16 / 2015 / 130MIL ,2015,130000
4550000,CAPTUR ZEN 20 / 2017 / 90MIL ,2017,90000
3300000,SURAN TRENDLINE 16 / 2016 / 100MIL ,2016,100000
4180000,2008 16 FELINE THP / 2017 / 56MIL ,2017,56000
28250,VENDO VW UP! High,2020,13000
3400000,CHEVROLET ONIX LTZ 2018,2018,100000
2950000,Vw Gol Trend 5p 2016,2016,46100
1200000,Renault Megane ( Vendo o permuto por moto),2007,229000
10000,Taunus modelo 84,1984,200000
3300000,VENDO Nuevo Ka S L/18 IMPECABLE PRIMERA MANO MUY POCOS ,2018,30000
1600000,CHEVROLET CELTA LT 14 NAFTA 2012,2012,171000
3150000,PEUGEOT 208 15 5PTAS ACTIVE 2017 NAFTA COLOR GRIS OSCURO,2017,66000
1200000,Vendo mi kangoo,2006,170000
600000,Vendo Renault megane,1998,260123
9000,For fiesta kinetic,2012,97000
3400000,Vendo C4 Lounge 16 HDI Feel Pack,2016,95000
2950000,Vendo ETIOS XLS impecable todo al dia titular caja de 6ta,2016,114000
2100000,VENDO/PERMUTO CHEVROLET AGILE 5P LS SPIRIT 14,2013,98000
1830000,FIAT PALIO FIRE 14 Impecable,2016,96000
1700000,VOLKSWAGEN SURAN HIGHLAND CUERO 2007,2007,169000
3500000,HONDA CRV LX A/T 2008,2008,167000
3000000,PEUGEOT 208 16 FELINE PK CUIR AÑO 2014 5 PUERTAS,2014,110000
1470000,GOL POWER 2011 3P GNC 5TA,2011,129500
1650000,Vendo Nissan Tiida 08 tekna full,2008,234684
2550000,208 Allure 16 con techo solar,2014,80000
980000,Peugeot 406 Sv 20 MT 4 Ptas / Nafta / 1998,1998,286000
1350000,Citroen C4 20 X 4 Ptas MT / Nafta / 2007,2007,175000
1150000,Ford Focus 16 Ambiente 5 Ptas MT / Nafta / 2009,2009,265000
12500,Bmw 320i Executive 4 Ptas AT / Nafta / 2010,2010,194000
2600000,Fiat Idea Adventure 16 16V,2017,96000
4600000,VENDO CITROEN CACTUS VTI 115 FEEL,2020,29000
5600000,VENDO S10 4X2 2016 LT,2016,138000
1800000,Fiat Punto Hlx 18,2008,105000
2200000,Vectra 2011 24 ¡FULL FULL!,2011,150000
190000,Oferta Renault 11 modelo 1986,1986,250000
2500000,Peugeot 408 sport 16 thp,2011,146000
2100000,VENDO CIVIC INMACULADO,2000,220000
5800000,FIAT TORO 20 TDI VOLCANO 4x4 AT 2017 DIESEL COLOR NEGRO,2017,50000
1000000,FIAT FIORINO 2006 17TD,2006,1
3199000,Renault Fluence 2014,2014,108000
1799000,Renault Symbol 2011,2011,112000
10500,Mercedes Benz 1980 Coupe,1980,199000
3850000,Peugeot 2008 allure año 2017 nafta 16 full caja automática  68000 color gris oscuro,2017,68000
5200000,Ford Ecosport SE Impecable 2022 500,2022,500
2700000,Peugeot Partner Patagonica VTC,2013,90000
2250000,Chevrolet Cobalt 18 Lt,2014,82000
8200000,Toyota Hilux SRV 28 4x2,2018,100000
4250000,Dynamique 16 nafta/gnc 100mil ,2017,99998
980000,Vendo ford ka 2007,2007,170227
4300000,Vendo etios xls 2018,2018,35000
3200000,Peugeot 208 Allure touchscreen modelo 2016,2016,69000
3750000,Logan Zen año 2020 color negro  con gnc transferencia incluida en el precio,2020,27000
5250000,Golf 14 TSI comfortline 2016,2016,82000
295000,Fiat uno muy buen estado detalle (pintura,1997,35000
3700000,Onix joy black 14MT,2022,0
100000,vendo gacel con gnc,1986,11111111
2799000,Hyundai Tucson 2008,2008,122000
2750000,208 Active 15,2017,54000
7620000,FIAT TORO VOLCANO 20 AT 4X4,2016,29780
5750,Citroën C4 20 Bva Exclusive Am70,2009,76000
80000,Renault 12 rural,1988,54000
2600000,RENAULT CLIO MIO CONFORT PACK SAT 5 PUERTAS 2016,2016,14500
38000,Mercede Benz C250 Avantgarde,2016,45000
250000,Vendo motor Renault Laguna con caja,1997,200000
3160000,FORD FIESTA KINECTIC S 16 SEDAN 5 PUERTAS,2017,65000
2910000,FORD ECOSPORT S 16 RURAL 5 PUERTAS,2014,117000
180000,Renault R12 14 L,1988,190000
2200000,CITROEN C 3 15 TENDANCE SEDAN 5 PUERTAS,2013,79000
1760000,FIAT UNO CARGO EVO 14 SEDAN 3 PUERTAS,2016,69999
3400000,CHEVROLET PRISMA LT 14 SEDAN 4 PUERTAS C/ GNC,2018,66000
4200000,PEUGEOT 208 FELINE TIPTRONIC 2019,2019,42000
7490000,TOYOTA HILUX 4x2 TDI DX,2018,288000
900000,VENDO KA TATOO 2005 BASE,2005,117000
3400000,FORD KA SEL 5P 2018,2018,56000
3300000,TOYOTA ETIOS XLS caja 6ta,2016,86000
6850000,VW AMAROK TRENDLINE 4X4 AUT D/C 180 HP,2016,130000
3500000,PEUGEOT 208 ALLURE NAV 2018,2018,36700
4350000,Vendo DUSTER2019 16 23mil ,2019,23000
3600000,DODGE JOURNEY SXT 24,2011,135000
5112000,TOYOTA YARIS XLS 5P MT 0,2022,0
2690000,VW UP TAKE 10 SEDNA 5 PUERTAS,2017,55000
2430000,VW UP MOVE 10 SEDAN 5 PUERTAS,2014,105000
5600000,VOLKSWAGEN GOLF CONFORT 14T DSG 2016,2016,54000
39500,BMW X1 I25 XDRIVE 2017,2017,90000
2900000,FIAT 500 SPORT 14 16 V SEDAN 3 PUERTAS,2013,73000
12700000,DODGE RAM 1500 LARAMIE 2016,2016,54000
5000000,FIAT STRADA ENDURANCE 14 DOBLE CABINA,2021,10
1900000,207 ALLURE HDI 4PTS 2013,2013,114000
3650000,FORD KUGA TITANIUM 2012,2012,148000
42000,MINI COOPER PEPPER 136 CV SEDAN 5 PUERTAS AUTOMATICO PATENTADO 2021,2021,8600
3790000,VOLKSWAGEN VENTO 2015,2015,110000
3580000,CHEVROET SPIN LTZ 18 2015,2015,67000
4700000,CHEVROLET TRACKER LTZ 4×4 2016,2016,69000
3500000,Vw suran 2018,2018,90000
6300000,Impecable Fiat Toro volcano automatica caja 9na diesel 4x4,2016,120500
850000,FIAT PALIO WEEKEND 14 FIRE,2006,150000
3250000,FIAT ARGO PK CONNECT 13N,2020,41998
9000000,TOYOTA HILUX C/D SRX AT 28 TD,2016,118000
2900000,Fiat Mobi Way 2018 10,2018,25200
4200000,RENAULT KANGOO II CONFORT 5 AS 16N,2021,22000
2000000,VW GOL TREND PACK I 5P 16N,2013,91000
3000000,VW VOYAGE TRENDLINE 16N C/GNC,2017,116000
3100000,FORD ECOSPORT TITANIUM AT 20N C/GNC,2013,110000
3350000,CHEVROLET ONIX JOY + 14N,2019,38000
7250000,VW VENTO GLI NAV + DSG 20 TSI,2017,71000
5300000,VW AMAROK C/D 4x4 HIGHLINE MT 20 TD,2013,111111111
6200000,VW AMAROK C/D 4x4 DARK LABEL 180 HP AT 20TD,2015,100000
6750000,TOYOTA HILUX C/D 4x2 SRV MT 28TD,2016,111111111
4250000,RENAULT DUSTER OROCH DYNAMIQUE 16N C/GNC,2018,76000
3990000,CRONOS 13 GSE DRIVE PACK CONECTIVIDAD,2022,4000
3500000,Vendo Toyota Hilux,2012,396000
1700000,Corsa 2 2007 con GNC!! MUY BUEN ESTADO!,2007,142000
3050000,VENDO PEUGEOT 208 IMPECABLE ESTADO EXCELENTE USADO,2015,41500
2345678,Vendo Volkswagen High Up 10 2016 16mil  unica mano No hay otro asi,2016,16000
2345678,Vendo Renault Sandero 2010 16 nafta c gnc impecable estado 95mil  reales segunda mano,2010,95000
1234567,CHEVROLET CORSA II GLS DTI 2006 4PTAS 17 unico en su estado 135mil  reales unica mano de 0,2006,133000
1650000,Ford Ka 10 titular,2012,99000
630000,VW NIVUS 12 TSI RETIRÁ CON $830000 O TU USADO LL X LL Y CUOTAS DESDE $45000,2022,11111
2500000,Peugeot 408 Allure 20 nafta 2011 100mil  Muy buen estado segundo dueño VTV recien hecha todo para transferir,2011,100000
4900000,Volkswagen Vento 25 nafta 170HP 2016 Advance Plus Triptonic caja automatica 72mil  Impecable estado permuto fcio,2016,70000
3300000,Chevrolet Prisma Joy + 2017 impecable estado nafta 14 aire direccion y lev vidrios adel 65mil  unica mano,2017,65000
790000,FIAT PROCREAUTO TRABAJ ENTREGA PACTADA $590000 TOMAMOS USADOS Y CUOTAS DESDE $27000,2022,11111112
550000,KANGOO 5A RETIRÁ CON UNMINIMO ANTICIPO Y CUOTAS DESDE $30000,2022,111111
70000,Vendo Toyota Hilux gr sport,2022,1000
3900000,Liquido Chevrolet Onix Plus LT,2021,30498
2700000,PEUGEOT 408,2012,118000
2490000,FIAT PUNTO ESSENCE 16 IMPECABLE,2013,82000
1550000,Chevrolet classic LT spirit 2012,2012,158000
4600000,Chevrolet cruze sedan LTZ PLUS AT 2018,2018,69000
3456789,2008 ALLURE /2018 FULL FULL UNICA MANO INCREIBLE ESTADO IGUAL A 0  OPORTUNIDAD !!!,2018,50000
1950000,Volkswagen Voyage 2012 GNC,2012,135000
1600000,Honda fit lx 2008,2008,111600
2800000,Dodge Journet Sxt 24 2009,2009,137000
5490000,Peugeot 208 feline tiptronic,2021,9500
29500,Audi a5 sportback 30tfsi,2013,61000
8950000,PEUGEOT EXPERT 16 HDI PREMIUM 0 2022,2022,0
1790000,VOLSKWAGEN SURAM,2009,160000
9900000,Vendo Toyota Hilux 4x4 modelo 2018,2018,91500
600000,FIAT 147 1995 GNC PROYECTO TUNING,1995,111111
2390000,Renault clio mio 12 año 2015 solo 77mil  unico dueño,2015,77000
3850000,CHEVROLET TRACKER 2014 LTZ 18,2014,100000
150000,Vendo o permuto LADA LAIKA 2104,1987,110000
1111111,Renault Nuevo Sandero GT LINE,2016,63099
2500000,Peugeot 308 active hdi,2012,140000
4300000,Ford ecospoet feestyle 4x4,2015,110000
4400000,Ford focus 16 S,2019,45000
1350000,Chevrolet spark 10 2009,2009,171000
4700000,Toyota corolla xei pack 2017,2017,147000
2650000,Ford 00 94 mwm,1994,500000
3500000,Fiat strada working 14,2019,32000
2800000,Honda City E 15 120 cv,2014,112700
1890000,Ford Ecosport 20 16V XLT GNC 2006,2006,175000
9100000,Volkswagen Amarok Highline Pack 4x4 MT,2017,57700
1950000,Fiat Palio Wekend 14 Treking GNC 2012,2012,139000
2780000,Peugeot 208 15 Allure 5 Ptas 2014,2014,93000
7000,Fiat Grand Siena Gnc Grande,2013,112000
1390000,Renault Clio 16 Full 5 Ptas 2006,2006,209000
3050000,Toyota Corolla 18 SEG C/ Manual cuero 2011,2011,136000
4050000,Toyota Corolla 18 XEI Pack cuero C/ Manual 2014,2014,140000
1590000,Citroen C3 16 nafta tope de gama Unico dueño,2011,150000
890000,Ford ranchero 79 con gnc,1979,100000
1690000,FORD KA 10 FLY VIRAL 2012,2012,66000
10900000,COROLLA CROSS 20 SEG CVT 0 2022,2022,0
10500000,COROLLA CROSS 20 SEG CVT 0 2022,2022,0
9900000,HILUX DX 4X4 0 2022,2022,0
9290000,COROLLA 20 SEG CVT 2022 0,2022,0
2000000,CITROEN BERLINGO FURGON HDI AÑO 2018,2018,100000
1500000,Classic Ls impecable,2012,140
3400000,Peugeot 208 Feline Pack Cuir 16 Manual 2015,2015,87000
4567891,ECOSPORT 20 TITANIUM CAJA AUTOMATICA POWER SHIFT FULL FULL CUERO 58000  IGUAL QUE 0  OPORTUNIDAD IMPERDIBLE!!!,2017,58001
4450000,Chevrolet Tracker LTZ 18 4x2 Manual 2016,2016,45000
2700000,FIAT PALIO ESSENCE 16 2016,2016,65000
2450000,Fiesta kinetic,2012,113000
5000000,VENDO PEUGEOT 208 NUEVO,2021,10000
300000,Ford falcon 72,1972,1
1400000,Vendo Fiat Palio Adventure Weekend,2008,149000
5000000,Dueño vende S10 Ls Mod 2016,2016,150000
1650000,Renault clio 5p,2014,99000
4150000,RENAULT LOGAN 16 16v 0 2022,2022,0
3780000,VOLKSWAGEN GOL TREND 16 TRENDLINE 2020,2020,23000
3200000,Vendo Chevrolet Prisma LT Mod 2018 con 62 mil ,2018,62000
29500,Vendo Audi A5 20 TFSI,2013,59500
2100000,PEUGEOT 207 COMPACT 14 HDI ALLURE 2011,2011,117000
1900000,FIAT PALIO Fire 14n 2015,2015,120000
35700,DS 3 CROSSBACK 12T PURETECH SO CHIC AT8 2020,2020,12000
2990,Mercedes benz 170 sd hormiga negra,1955,111111111111111104
45000,VENDO AUDI A3 20Tfsi Sline,2020,40000
2700000,VENDO FIORINO 2016 con GNC,2016,125000
15000,Vendo hyunday genesis 20t impecable segudno dueño,2010,80000
1700000,Peugeot Partner 2011 Diesel,2011,999999
1850000,CORSA 4P 14 NAFTA LT AÑO 2014,2014,180000
2000000,Honda civic 2006 18 at,2006,286000
4900000,PEUGEOT 208 ALLURE A/T 16 / 2020,2020,13500
3200000,partner patagonica 16 nafta vtc plus año 2014,2014,140000
1290000,VW SAVEIRO 19 DIESEL CAB EXT AÑO 2001,2001,190000
6490000,amarok dc 20 tdi 180 cv 4x2 tredline año 2014,2014,180000
3200000,PEUGEOT 308 16 ALLURE,2014,99000
2920000,FORD FIESTA SE 16 2015,2015,87000
8600000,TOYOTA HILUX DX 4X4 2019,2019,61000
5800000,CHEVROLET CRUZE 14 5P CON 13000,2020,13000
4900000,CHEVROLET CRUZE 14T LT 2018,2018,71000
2950000,DUSTER 2014 CONFORT PLUS 16 DIGNA DE VER,2014,75000
18600,MERCEDES BENZ C 250 BEFFICIENCY 2011 IMPECABLE,2011,129000
2500000,BORA 2010 MOTOR 20,2010,160000
22500,Honda hrv 2017,2017,41000
16900,Mercedes Benz GLK 300 City 4Matic año 2010 Excelente estado muy cuidada,2010,170000
2830000,208 15 5P ALLURE NAV 2014,2014,143000
40000,Jeep compass limited 2019 at,2019,76000
1990000,VW FOX 16 3P CONFORTLINE L/10 2010,2010,157400
4000000,Peugeot 208 allure 2019,2019,17000
1750000,Chevrolet Astra GLS 20 nafta 5 ptas 2009 con GNC,2009,122000
2300000,Citroen C3 tendence pack 2013,2013,97000
3400000,Ford eco sport titanium 16,2013,60000
2600000,Volkswagen up move,2017,106000
62000,Toyota Camry HIBRIDO 2022 Patentado Auto de GERENCIA,2022,1350
1900000,Agile 2013 ls,2013,146000
3750000,FORD FIESTA S PLUS 16 NAFTA 5 ptas 2018 s REALES,2018,31800
4300000,Ford ka se,2020,26000
3790000,PEUGEOT 408 ALLURE PLUS 16THP MANUAL 2017 NEGRO UNICO DUEÑO,2017,48000
4000000,Ford Focus SE plus 2018,2018,59000
2750000,FORD RANGER XL,2004,358000
12000,Vendo mitsubishi L200 2007 4x4 hpe sport,2007,200000
450000,VENDO SENDA 92,1992,0
14000,308cc CABRIOLET CONVERTIBLE DESCAPOTABLE,2010,112000
1600000,Muy buen estado con gnc,2009,153000
4800000,FIAT TORO FREEDOM 2017 4X4 16V 20 M PACK XTREME,2017,166000
2300000,Vendo Citroen Berlingo 16 HDI SX pack,2011,113999
560000,Fiat uno gnc,1997,250000
2740000,Ford fiesta kinetic sedan se plus modelo 2016,2016,185000
2750000,Volkswagen Suran 16 Highline,2013,92000
3600000,Ford Fiesta SE,2016,65000
47000,Ford Bronco Wildtrack 4x4,2021,400
1200000,Renault megane unique,2004,168000
2700000,Chevrolet Sonic LTZ,2013,110001
1730000,URGENTE!!! Citroen C4 5P 16 2010,2010,171500
1600000,Vendo saveiro,2009,160000
3300000,toyuota etios inmaculado,2017,104000
5900000,Jeep renegade automática 2018 SPORT plus,2018,60000
3950000,alfa romeo mito 2016,2016,39000
4300000,toyota corolla 2017 XEI AUTOMATICO,2017,130000
2950000,ford ecosport se 2013,2013,109000
2700000,Ford Fiesta Kinetic 2015 Nafta,2015,120000
2900000,PEUGEOT 308 ALLURE NAVEGADOR 2015 16,2015,80000
2850000,FORD FIESTA S PLUS 2017,2017,110000
2650000,CHEVROLET PRISMA 14 LTZ FULL 2014,2014,132000
2890000,CHEVROLET PRISMA LT 2016,2016,88000
7950000,VOLKSWAGEN AMAROK HIGHLINE PACK 4x4 MANUAL 2017,2017,116000
1700000,VENDO PERMUTO FORD RANGER TURBO DIESEL 2000,2000,290000
1000000,FORD KA FLY PLUS 2011,2011,142000
6450000,Nissan Frontier Le 4x4 mt,2016,107000
400000,Ford sierra 1991,1991,100000
5500000,BMW serie 1 118 i Urban 5ptas 2012,2012,90000
1450000,Suzuki fun 2009 14 3 P,2009,183000
3450000,Volkswagen UP Cross 10 2018,2018,40000
1350000,C4 Sx 20 HDI año 2008,2008,140000
3350000,Citroen C4 Lounge Tendance 16 Hdi 115cv 2015,2015,110000
350000,Senda Disel 1996,1996,90000
3400000,Vendo Suran 2017,2017,70000
4850000,Volkswagen Amarok 20 Tdi (180cv) 4x2 C/doble Trendline 2013,2013,145000
2650000,Renault Fluence 16 Dynamique Pack 2016,2016,102000
2950000,Vendo logan 2018 privilege 16 16 valvulas,2018,62000
10850000,Vendo hilux srv 4x2 2017,2017,115000
6000000,TCross Modelo 2020,2020,55000
4400000,Escosport SE automático,2018,40000
2600000,Camioneta Chevrolet S 10 Modelo 2007,2007,130000
4000000,Vendo Tracker LTZ Automática,2014,97000
1100000,Vendo volksvagen gol 2005 nafta,2005,10000
950000,Vendo corsa 2 Gl 2005,2005,220000
2400000,Ford Focus Trend Plus 18 TDCI,2010,167000
3600000,Renault Duster 16 con GNC modelo 2015,2015,98000
2550000,Renault logan 16 expression Tope de gama año 2017 solo 78mil ,2017,78000
13000,Audi A4 Avant 18Tfsi Multitronic 2009,2009,130000
3100000,TOYOTA ETIOS XS 15,2015,90000
3750000,Peugeot partner furgon HDI,2019,75000
850000,Vendo renault 9 txe,1992,150000
100,NISSAN MARCH 16 ACTIVE PURE DRIVE O 2017,2017,10
11800,MINI COOPER S HOT PEPPER R53 FULL FULL TURBO AUTOMÁTICO SECUENCIAL 2005,2005,76000
3850,NISSAN FRONTIER 25 DC 4X4 LE 6TA MANUAL 2010,2010,178000
2800000,Renault logan 16,2017,56800
1880,RENAULT SANDERO STEPWAY 16 PRIVILEGE 2013,2013,218000
66800,MERCEDES BENZ GLC 300 4MATIC AMG 2017,2017,8100
1980,PEUGEOT 207 COMPACT 14 XS 2015,2015,17400
2950000,VENDO GOL TREND 2018 GNC,2018,53700
450000,Renault Logan 2013 GNC desarmado con faltantes,2013,200000
2650000,Renault Kangoo 16 Nafta 58000 ,2015,58000
10000,Volkswagen up! Move,2018,20000
1500000,CHEVROLET APACHE CARROZADA,1962,111
2000000,VOLKSWAGEN GOL TREND CONFORT 16 2011 NAFTA/GNC,2011,162000
2100000,Citroën C3 Exclusive (2012),2012,113981
1870000,FIAT UNO 2013 GNC,2013,120000
3490000,Vendo Fiat Argo,2018,39500
4000,Jeep IKA 4x4,1958,11111
2800000,Renault DUSTER 2013 Impecable !!,2013,110000
24000,Hyunday genesis 20 T 275cv,2014,83000
5500000,Toyota Rav4 4x4,2013,154800
4500000,Chevrolet cruze,2017,38000
750000,Vendo Renault Clio,1999,200000
3190000,Chevrolet ONIX 2018GNC Impecable !!,2018,73000
680000,FORD F100,1972,1000000
1100000,Vendo camioneta chevrolet blazer,1998,340
1200000,Vendo Peugeot 307,2007,221000
6500000,VENDO VENTO 14 TSI AT DSG IMPECABLE,2018,51000
2400000,BMW 528 i AT,1998,240000
6200000,Vendo Camioneta Toyota 4X4,2012,220000
4200000,FORD ECOSPORT TITANIUM 16 NAFTA,2017,52000
1950000,GOL TREND 2012 GNC,2012,115000
3200000,Vendo Fiat 500L,2014,99000
8300000,Vendo corolla xei cvt 2022,2022,6500
2600000,Vendo Kia Sportage 2008 4x4 AT,2008,220000
2950000,FOX TRENDLINE 2016 Impecable !!,2016,87000
2700000,Solo Vendo Hermosa Duster 16 Dynamique! Nada Para Hacerle!,2012,92000
4600000,LIFAN MY WAY 2018,2018,45000
150000,Vendó Renault 12(Dacia) 96,1996,111111
2400000,GOL TREND 2015 Impecable !!,2015,79000
12500,Mini cooper 16 Chilli,2017,78000
100000,VENDO PEUGEOT 405 '93,1993,0
6500000,Vendo Mini Cooper S Kit John Cooper Works,2013,84000
1950000,Volkswagen gol tren,2012,190000
2100000,207 HDI 14 2012,2012,175000
2800000,Vendo Peugeot 308,2013,1280
2490000,FIAT PALIO 2017 PRIMER DUEÑO EXCELENTE ESTADO,2017,82000
1600000,Voyage impecable,2009,185000
340000,VOLKSWAGEN GOL 16 GLI 98,1998,210000
2790000,Vendo Peugeot 308 16 allure nav NAFTA Excelente estado,2013,90000
1680000,vendo 207 ALLURE xs,2011,139000
2500000,Vw Vento Variant 25 Titular 2008 Automática,2008,141000
1200000,Vendo Alfa Romeo 156,1998,200000
2495000,HYUNDAI I10 GLS SEGURIDAD 12 AUTOMATICO FULL IMPECABLE TITULAR,2012,89000
1750000,RENAULT SANDERO GET UP 16 16V FULL GNC IMPECABLE 109000K TITULAR,2010,109000
2250000,VW VOYAGE TRENDLINE 16 FULL GNC 79000 TITULAR,2013,79000
1895000,HONDA FIT EX 15 VTEC MANUAL FULL IMPECABLE 119000K TITULAR,2006,119000
8750,MERCEDES BENZ C250 DIESEL ELEGANCE AUTOMATICO CUERO IMPECABLE REAL TITULAR,1995,325000
2750000,VW FOX TRENDLINE 16 3 PUERTAS FULL IMPECABLE 29000K 1ºDUEÑA,2014,29000
1895000,RENAULT SYMBOL LUXE 16 16V FULL IMPECABLE 69000K TITULAR,2013,69000
2895000,FORD ECOSPORT KD 16 S FULL IMPECABLE 89000K 1ºDUEÑA,2013,89000
3250000,HONDA FIT LXL 14 AUTOMATICO FULL IMPECABLE 99000K TITULAR,2012,99000
5950000,FIAT 500X POP 14 TURBO 4X2 FULL IMPECABLE 49000K 1ºDUEÑA,2018,49000
1995000,TOYOTA COROLLA SEG AUTOMATICO CUERO FULL IMPECABLE 109000K TITULAR,2004,109000
1895000,VW SURAN HIGHLINE 16 FULL IMPECABLE PERMUTO/FINANCIO,2009,99000
1985000,PEUGEOT 207 ALLURE 14 5 PTAS FULL IMPECABLE PERMUTO/FINANCIO,2014,79000
2495000,HONDA CITY LX 15 MANUAL FULL IMPECABLE PERMUTO/FINANCIO,2012,89000
1985000,FIAT PALIO ELX PACK SEGURIDAD FULL 14 IMPECABLE PERMUTO/FINANCIO,2015,89000
1985000,VW SURAN 16 HIGHLINE CUERO FULL IMPECABLE PERMUTO/FINANCIO,2010,89000
1895000,PEUGEOT 207 XT 16 16V FULL 5P IMPECABLE PERMUTO/FINANCIO,2011,89000
2195000,HONDA FIT LX 14 MANUAL FULL IMPECABLE PERMUTO/FINANCIO,2010,109000
1995000,VW VOYAGE TRENDLINE 16 FULL IMPECABLE PERMUTO/FINANCIO,2012,109000
2895000,PEUGEOT 308 ALLURE NAV HDI (TURBO DIESEL) TECHO IMPECABLE PERMUTO/FINANCIO,2012,109000
1495000,FIAT PALIO ELX TOP FULL 13 16V 5P IMPECABLE PERMUTO/FINANCIO,2007,119000
2250000,PEUGEOT 207 FELINE 14 HDI (TURBO DIESEL) 5P FULL (TECHO) IMPECABLE PERMUTO/FINANCIO,2012,89000
2895000,HONDA FIT LXL 14 AUTOMATICO FULL IMPECABLE PERMUTO/FINANCIO,2011,119000
1895000,FIAT PALIO WEEKEND ADVENTURE 18 FULL GNC IMPECABLE PERMUTO/FINANCIO,2010,129000
1500000,Citroen Berlingo Multispace,2006,260000
3580,CITROEN C3 16 VTI AT6 SHINE AUT 2018,2018,70200
3200000,Ford focus se plus 20 impecable!!,2014,107000
1750000,VENDO HYUNDAI I10 2011 CON 85000 S LISTO PARA TRANSFERIR,2011,85000
3900000,VOLKSWAGEN SAVEIRO 16,2016,52000
38000,Llantas fuego,1986,31000
3400000,Renault Duster 2015,2015,38500
45000,Fiat 1500 repuestos,1968,1111
5800000,Vendo amarok única mano!!!,2010,132000
1920000,Peugeot 207 xt Prime,2010,80000
1650000,Ford Ka 2012 titular única mano,2012,95000
7500000,Vendo Audi Q5,2013,128
3350,FIAT ARGO 13 DRIVE GSE PK CONECTIVIDAD 2018,2018,85000
1550000,Renault chocado,2015,85000
1490000,Fiat Idea adventure 18 8v Nafta/GNC Modelo 2007,2007,160000
3650000,Vendro Chevrolet Cruze 20 D 2015 LT AT,2015,71999
6450000,Nissan Kicks Exclusive Cvt 2020,2020,42981
6900000,Vendo Ford Ranger LImited,2015,0
3000000,RENAULT SANDERO 2018,2018,39
1950000,ASTRA GLS 5p,2011,103833
4000000,Excelente Kia Sorento,2011,139000
950000,Vendo Ford fiesta max 2009,2009,205400
4700000,Renault kangoo Express confort 16 sce 2021,2021,8
1210000,PEUGEOT 206 IINE 2008,2008,173000
700000,Vendo corsa 99 motor izusu 17 diesel,1999,301000
400000,Hyundai I 16 1996 Nafta,1996,10000
3700000,Vendo focus 20 SE,2015,90000
28000,Ml 350 esport mod 2012 Nueva todo para trasferir,2012,83
220000,honda accord 81 hatchback armar o repuestos,1981,1000000
1600000,Fan 14 aire  dirección alarma y 4 cubiertas nuevas 2011,2011,151000
4300000,Mini coopers S 2010,2010,150000
4100000,208 gt inmaculado con 70000 ,2017,70000
2150000,Fiat punto essense 16 exelente estado,2012,93000
3950000,Oroch 16 mod 2016 con GNC INMACULADA,2016,110000
3000000,Ecosport SE INMACULADO 2013 Linia nueva con GNC,2013,155000
3200000,Peugeot 408 impecable,2016,59000
250000,Citroen xsara vendo o permuto x auto y 25000 escucho ofertas,2002,300000
1600000,Vendo Fiorino 2006 lista para transferir no hay que hacerle nada ideal para trabajar,2006,220000
2850000,Chevrolet Prisma 2016,2016,1111
2290000,Vendo Peugeot 207,2012,126000
2990000,Peugeot 308 2013 Diesel HDI,2013,130000
1800000,Audi A4 20 TDI año 2007,2007,150000
1300000,Corsa 2 CD 2008,2008,157000
1200000,CLASSIC 2011 LT GNC DETALLES $1200000,2011,130000
3700000,Chevrolet Spin N LT 18 NAFTA / GNC,2018,88000
4700000,FORD ECOSPORT 15L TITANIUM 123CV 4X2,2018,72000
7100000,Mercedes Benz Sprinter 411 DCI/F 3250 STREET V2 FURGON VIDRIADO CON ASIENTOS,2016,82000
2850000,FORD FOCUS III 16L S,2014,95000
3700000,PEUGEOT 208 16L ALLURE,2020,95000
2700000,Volkswagen Suran 2014 MUY BUEN ESTADO,2014,92500
57000,AUDI A5 SPORTBACK 5P 20t quattro! INMACULADO!,2017,50000
11000,FIAT 500 14 CULT 2013 INMACULDO sin detalles!!! IMPECABLE!,2012,50000
11500,VW GOL TREND 16 PACK 2 ÚNICO!,2016,40000
35000,FORD MAVERICK 20 4x2 AT XLT 2022 ENTREGA INMEDIATA!,2022,0
57000,DODGE RAM 1500 4x4 AT 2020 ÚNICA INMACULADA!,2020,70000
35000,TOYOTA COROLLA CROSS 170 hp XEI AT 2022 CERO  PATENTADO!,2022,0
2500000,Vendo megane 3 titular vtv tope de gama,2013,102000
3500000,Sandero RS 2016,2016,83000
3800000,VENDO LOGAN 2020 13000 S,2020,13000
1795000,GOL PAWER 16 NAFTA Y GNC 2010 BUEN ESTADO$1795000RECIBO MENOR VALOR FINANCIACIÓN PROPIA JUJUY 785 SM DE TUC,2010,175000
4600000,Vendo Tracker Ltz 18,2018,80000
2600000,Gol Trend Nafta!!!,2015,1
3200000,Furgon como nuevo excelente estado,2017,42000
1250000,2006 CHEVROLET CORSA II,2006,142000
2750000,Chevrolet onix 2013 full LTZ,2013,90000
3700000,VW Up! High 5P 2019 4 Cubiertas Nuevas,2019,63000
4800000,Volkswagen Vento Advance,2015,58000
950000,Renault Clio 2,2005,110000
1470000,VENDO FOCUS 2004 Edge Security 18 16v 110 CV 5 pts FULL,2004,145000
2500000,Fiat Punto 14,2013,11111111
3300000,Ford Ranger,2011,11111111
2500000,FIAT PALIO 2015 CON 44500  LISTO PARA TRANSFERIR,2015,44500
7500,Honda Fit 14 LX 5 PTAS L/09 AT,2009,136000
1400000,Corsa Wagon 2009 16 GLS GNC,2009,111111111
8300000,Hilux srv 28 hermosa,2017,120000
300000,Vendo regatta gran oportunidad Escucho ofertas,1994,123
5450000,Excelente Ford Ranger safety 22 2015 manual única pocos ,2015,120000
3300000,Chevrolet prisma joy LS 2018,2018,79000
1950000,FORD FOCUS 2012,2012,147
1600000,VOLKSWAGEN GOL POWER 2012,2012,100
5700000,VOLKSWAGEN AMAROK 2017,2017,100
4800000,VOLKSWAGEN POLO 2022,2022,0
4800000,Chevrolet onix premier 2020 igual a nuevo,2020,7000
2450000,CHEVROLET Montana LS pack con A/A y Dirección con GNC de 5ta Generación,2015,106000
120000,Super Europa,1988,80
10500000,Corolla cross xei AT 0,2022,1
6350000,Chevrolet S10 LT 2018,2018,108000
4100000,Renault Oroch 2017,2017,92000
200000,Renault 19 GNC,1998,100000
5900000,Toyota Prius 2018 gris oscuro Unico dueño en Garantía,2018,78500
1500000,Vendo Fiat Palio 2009 14 exl NAFTA,2009,200000
700000,vendo ford escor 97 nafta,1997,29639
2700000,Peugeot 308 allure navegador 2012,2012,87000
1750000,Volkswagen Gol Trendline 16 2010,2010,200046
2700000,Volkswagen up 2015,2015,37000
5600000,Chevrolet  0 28 LS 4x2 D/C 2017,2017,117000
3290000,VOLKSWAGEN UP CROSS 10 2017,2017,55000
1850000,RENAULT CLIO 12 AUTHENTIQUE PACK II 5P 2012,2012,135000
3490000,FORD ECOSPORT 20 TITANIUM 2014,2014,160000
10800000,TOYOTA HILUX 28 SRV 4X4 D/C M/T 2019,2019,110000
2950000,VOLKSWAGEN UP 10 MOVE 5P 2018,2018,83000
3200000,CHEVROLET ONIX 14 LTZ M/T 2016,2016,90000
4250000,Toyota Rav4 2012 full 4x2,2012,159000
600000,Fiat uno SCR MOD94,1994,100
2750000,Volkswagen gol trend 2017 msi,2017,100000
31500,fiat toro 2021 diesel 4x4 full full  9800 T/ptas pto,2021,9800
2200000,Agile exelente,2015,33000
4200000,Vendo Corolla buen estado,2017,73000
11000,Peugeot 508 2014 Allure c/ Techo,2014,101555
11000000,Toyota sw4 2016 srx full 7 asientos cuero automática,2016,200000
6750000,Chevrolet S10 4x2 Midnight,2019,530000
4600000,YARIS TOYOTA IMPECABLE,2019,40000
6350000,Toyota Hilux 2013 srv cuero manual,2013,140000
100000,Vendo Gacel con gnc,1986,111111114
4290000,LIQUÍDO IMPECABLE!! VW Saveiro 16 DC Pack High C/GNC 2018,2018,82000
24500,1ª MANO NUEVO!! VW Golf Comfortline 14 TSI DSG 2019,2019,75000
1800000,Agrale dinamyc doble cabina,1998,100000
2150000,Clio mio 2014 full 3p,2014,98000
2700000,Partner patagonica VTV plus 16N con GNC,2012,205000
3900000,Fox 2019 Full 16 unica mano,2019,51000
1800000,Celta 2012 VTV 2023 A/A unica mano,2012,84000
5200000,Ford Ranger 22 Diesel DC 4x2 XL Safety 2013,2013,111000
1850000,Fiat punto full 13 2010,2010,122222
1450000,EXCELENTE ASTRA GNC 2007,2007,180000
2950000,VENDO Ford Ranger 2008,2008,261500
1700000,CITROEN C4 SX 4 Puertas 2008,2008,190000
6800000,Ford Ranger 22 XL 2020,2020,95000
5250000,Chevrolet tracker 4x4,2016,80000
10000000,vendo kia carnival único dueño,2017,91000
1850000,CHEVROLET D20 CUSTOM DELUXE,1992,350000
1150000,Vendo Ford fiesta 2010,2010,207000
6300000,Vendo HONDA H modelo EXL año 2017,2017,50000
3200000,Vendo UP! MOVE Año 2018 Impecable todo al dia Listo para transferir Naftero motor 10,2018,141000
1250000,Vendo vw saveiro 2005,2005,11111
2250000,Suran impecable titular,2011,118000
1850000,Vendo Renault Sandero modelo 2012,2012,87400
7000000,CRUZE PREMIER 2022,2022,4000
3300000,Kwid intense 2020 con 33500 reales,2020,34000
4200000,MITSUBISHI OUTLANDER 24 GLS CVT AT6 CON LEVAS 4WD 2013 SEGUNDO DUEÑO 117000  TITULAR,2013,117000
5600000,Impecable Nissan Kicks 2018 nueva 17333  nafta,2018,17333
9250000,Mercede Benz Sprinter 21 415 Combi 3665 150cv 15+1 Te 2018 Unico dueño Acepto Vehiculo de menor valor,2018,240000
8000000,2021 Chevrolet S10 LS 4x2 Línea 2021,2021,32000
4400000,Citroen C4 Lounge 16 Hdi 2018 Linea nueva 48000  Unico dueño Acepto menor valor,2018,48000
16500,Mini Cooper Countryman 2012,2012,52000
3350000,Volkswagen Fox mod 2017 34700,2017,34700
2750000,Fiorino 2018 GNC,2018,97000
2500000,FOCUS 20 EXE TREND 2013 TITULAR 2DO DUEÑO VTV EXCELENTE,2013,1700000
5500000,2013 Toyota Hilux DX Pack 4x2 25TDI,2013,186000
2700000,Ford Ranger limited 4x4 doble cabina año 2007,2007,310000
7300000,VOLKSWAGEN AMAROK ULTIMATE 4X4 MANUL 2016,2016,140000
2955555,Citroen c4,2009,250000
1900000,PEUGEOT 207 FELINE 4 PTAS,2013,88600
1500000,Logan Nafta/GNC Full 08 PERMUTO,2008,143000
